teamId,teamName,teamSName,team_type
18,India Senior,INDSR,domestic
20,India Green,INDGREEN,domestic
21,India Red,INDRED,domestic
36,India Blue,INDBLUE,domestic
41,Sussex,SUS,domestic
42,England Lions,ENGA,domestic
43,Sri Lanka A,SLA,domestic
52,Victoria,VIC,domestic
53,ACT Invitational XI,ACTXI,domestic
54,India U19,INDU19,domestic
55,New Zealand U19,NZU19,domestic
56,Pakistan U19,PAKU19,domestic
57,South Africa U19,RSAU19,domestic
74,Middlesex,MDX,domestic
78,India A,INDA,domestic
79,Australia A,AUSA,domestic
80,New Zealand A,NZA,domestic
81,Delhi,DEL,domestic
82,Rest of India,ROI,domestic
86,Board Presidents XI,BPXI,domestic
87,Western Australia,WA,domestic
92,Tamil Nadu,TN,domestic
93,Uttar Pradesh,UP,domestic
94,Saurashtra,SAUR,domestic
95,Mumbai,MUM,domestic
119,Somerset,SOM,domestic
128,Karnataka,KAR,domestic
129,Australia U19,AUSU19,domestic
130,Windward Islands,WIS,domestic
139,Nottinghamshire,NOTTS,domestic
140,Warwickshire,WARKS,domestic
141,Durham,DUR,domestic
142,Northamptonshire,NHNTS,domestic
143,Lancashire,LANCS,domestic
144,Derbyshire,DERBY,domestic
145,Leicestershire,LEIC,domestic
146,Yorkshire,YORKS,domestic
147,Worcestershire,WORCS,domestic
148,Surrey,SUR,domestic
149,Glamorgan,GLAM,domestic
150,Kent,KENT,domestic
151,Gloucestershire,GLOUCS,domestic
152,Essex,ESS,domestic
153,Hampshire,HAM,domestic
154,Sri Lanka Cricket Presidents XI,SLCPXI,domestic
158,South Australia,SAUS,domestic
160,East Africa,EA,domestic
162,Assam,ASM,domestic
163,Gujarat,GUJ,domestic
164,Queensland,QL,domestic
165,England Cricket Board XI,ECBXI,domestic
166,Tasmania,TAS,domestic
167,Madhya Pradesh,MP,domestic
168,Nondescripts Cricket Club,NCC,domestic
170,Baroda,BRD,domestic
171,Rajasthan,RAJ,domestic
172,Sri Lanka U19,SLU19,domestic
173,England U19,ENGU19,domestic
186,Auckland,AKL,domestic
187,Ruhunu,RUH,domestic
191,Cricket Australia Chairmans XI,CACXI,domestic
200,Haryana,HAR,domestic
207,West Indies A,WIA,domestic
208,Basnahira Cricket Dundee,BCD,domestic
209,Kandurata Warriors,KW,domestic
210,Nagenahira Nagas,NN,domestic
211,Ruhuna Royals,RUR,domestic
212,Uthura Rudras,UR,domestic
213,Wayamba United,WU,domestic
214,Uva Next,UN,domestic
220,West Indies U19,WIU19,domestic
221,Zimbabwe U19,ZIMU19,domestic
222,Papua New Guinea U19,PNGU19,domestic
223,Afghanistan U19,AFGU19,domestic
224,Bangladesh U19,BANU19,domestic
226,Ireland U19,IREU19,domestic
228,Scotland U19,SCOU19,domestic
229,Nepal U19,NPLU19,domestic
230,Namibia  U19,NAMU19,domestic
231,India B,INDB,domestic
232,Bengal,BEN,domestic
233,North Zone,NZONE,domestic
234,West Zone,WZONE,domestic
235,East Zone,EZONE,domestic
236,South Zone,SZONE,domestic
237,Central Zone,CZONE,domestic
238,Pakistan All Star XI,PASXI,domestic
239,International World XI,IWXI,domestic
240,Mumbai A,MUMA,domestic
241,Andhra,AP,domestic
242,Hyderabad,HYD,domestic
243,Jharkhand,JHKD,domestic
244,Kerala,KER,domestic
245,Punjab,PUN,domestic
246,Railways,RLYS,domestic
247,Tripura,TRI,domestic
248,Vidarbha,VID,domestic
249,Odisha,ODSA,domestic
250,Services,SER,domestic
251,Himachal Pradesh,HP,domestic
252,Jammu and Kashmir,JK,domestic
253,Goa,GOA,domestic
254,Maharashtra,MAH,domestic
261,Unicorns,UNI,domestic
266,Australians,AUSN,domestic
267,South African Invitation XI,RSAIXI,domestic
268,South Africa A,RSAA,domestic
269,Zimbabwe XI,ZIMXI,domestic
272,Basnahira Greens,BG,domestic
273,Uthura Yellows,UY,domestic
274,Kandurata Maroons,KM,domestic
275,Ruhuna Reds,RHR,domestic
276,Indians,INDS,domestic
277,Western Australia Chairmans XI,WACXI,domestic
278,Cricket Australia Invitational XI,AUIXI,domestic
279,Prime Ministers XI,PMXI,domestic
281,Knights,KNG,domestic
282,Canada U19,CANU19,domestic
283,United Arab Emirates U19,UAEU19,domestic
285,Morocco,MOR,domestic
286,New Zealand XI,NZXI,domestic
288,Bangladesh A,BANA,domestic
289,Rest of the World XI,ROWXI,domestic
290,Marylebone Cricket Club,MCC,domestic
291,National Performance Squad,NPS,domestic
292,Southern Express,SE,domestic
293,Lahore Lions,LHL,domestic
294,Northern Knights,NK,domestic
295,WICB,WICB,domestic
296,Mumbai Board Presidents XI,MBPXI,domestic
297,West Indians,WINDS,domestic
299,South Korea,SKR,domestic
301,Australian Legends XI,ALXI,domestic
305,Indian Board Presidents XI,IBPXI,domestic
306,Cricket Australia XI,CAXI,domestic
312,Canterbury,CNTBRY,domestic
313,Central Districts,CD,domestic
314,Wellington,WEL,domestic
315,India AT20,INDAT20,domestic
316,Sachin Blasters,SB,domestic
317,Warne Warriors,WW,domestic
323,Bangladesh Cricket Board XI,BCBXI,domestic
324,New Zealand Board Presidents XI,NZBPXI,domestic
325,Pakistan A,PAKA,domestic
326,Fiji U19,FijiU19,domestic
341,Afghanistan A,AFGA,domestic
342,Zimbabwe A,ZIMA,domestic
347,Himachal Pradesh Cricket Association XI,HPCAXI,domestic
348,Tamil Nadu Cricket Association Under 17,TNCAU17,domestic
349,Mumbai Cricket Association XI,MUMCAXI,domestic
350,West Indies Cricket Board President XI,WICBPXI,domestic
352,Island Warriors,IW,domestic
353,Kowloon Cantons,KC,domestic
354,Lantau Galaxy Riders,LGR,domestic
363,Mohun Bagan,MB,domestic
364,Bhowanipore,BPC,domestic
365,Sri Lanka XI,SLXI,domestic
374,Pakistan Cricket Board Patrons XI,PCBPXI,domestic
375,Chhattisgarh,CG,domestic
376,Emirates Cricket Board XI,EMCBXI,domestic
377,BCB Select XI,BCBSXI,domestic
380,South Australia XI,SACAXI,domestic
381,Victoria XI,VICXI,domestic
384,Thailand,THAI,domestic
385,Birmingham Bears,BIRM,domestic
386,Malaysia U19,MLYU19,domestic
387,Singapore U19,SINU19,domestic
391,Cape cobras,CAPE,domestic
398,UWI Vice Chancellors XI,UWIVCXI,domestic
402,North,NORTH,domestic
403,South,SOUTH,domestic
404,MCC World XI,MCCWXI,domestic
405,India U23,INDU23,domestic
406,Pakistan U23,PAKU23,domestic
407,Sri Lanka U23,SLU23,domestic
408,Bangladesh U23,BANU23,domestic
424,Kenya U19,KENU19,domestic
425,World XI,WXI,domestic
435,Ireland A,IREA,domestic
436,Western Australia XI,WAXI,domestic
438,Hong Kong Island United,HKIU,domestic
441,Colombo,COL,domestic
442,Kandy,KAN,domestic
443,Galle,GAL,domestic
444,Dambulla,DAM,domestic
450,Toronto Nationals,TTN,domestic
451,Montreal Tigers,MNT,domestic
452,Edmonton Royals,EDR,domestic
453,Vancouver Knights,VCK,domestic
454,Winnipeg Hawks,WPH,domestic
456,CWI B Team,CWIB,domestic
460,Bihar,BIH,domestic
461,Manipur,MNP,domestic
462,Meghalaya,MGLY,domestic
463,Mizoram,MIZ,domestic
464,Nagaland,NGL,domestic
465,Puducherry,PDC,domestic
466,Sikkim,SKM,domestic
467,Uttarakhand,UTK,domestic
468,Arunachal Pradesh,ARNP,domestic
469,Hong Kong U19,HKU19,domestic
481,India C,INDC,domestic
518,Afghanistan U23,AFGU23,domestic
519,India U19 A,INDU19A,domestic
520,India U19 B,INDU19B,domestic
521,Estonia XI,ESTXI,domestic
522,Malta,Malta,domestic
523,Spain,Spain,domestic
524,China,CHN,domestic
525,Qatar,QAT,domestic
526,Estonia,EST,domestic
528,Zimbabwe Chairmans XI,ZIMCXI,domestic
531,Ghana,GH,domestic
532,Austria,AUT,domestic
533,Guernsey,GGY,domestic
534,Sweden,SWE,domestic
535,Tanzania,TAN,domestic
536,Nigeria,NGA,domestic
537,Luxembourg,LUX,domestic
538,Philippines,PHI,domestic
539,France,FRA,domestic
540,Belize,BLZ,domestic
542,Peru,PER,domestic
543,Bahrain,BHR,domestic
544,Mexico,MEX,domestic
545,Samoa,WSM,domestic
546,Panama,PAN,domestic
547,Japan,JPN,domestic
548,Costa Rica,CRI,domestic
549,Argentina,ARG,domestic
550,Hungary,HUN,domestic
551,Mozambique,MOZ,domestic
552,Chile,CHL,domestic
553,Malawi,MWI,domestic
554,Israel,ISR,domestic
555,Bhutan,BTN,domestic
556,Finland,FIN,domestic
557,Isle of Man,IOM,domestic
558,Bulgaria,BGR,domestic
559,Sierra Leone,SLE,domestic
560,Brazil,BRAZIL,domestic
561,Czech Republic,CZE,domestic
562,Saint Helena,SHN,domestic
563,Maldives,MDV,domestic
564,Gibraltar,GIB,domestic
565,Myanmar,MMR,domestic
566,Indonesia,IDN,domestic
567,Gambia,GM,domestic
568,Swaziland,SWZ,domestic
569,Rwanda,RWA,domestic
570,Lesotho,LSO,domestic
571,Saudi Arabia,SAU,domestic
578,Aakash Tigers MWS,ATMWS,domestic
579,Triumphs Knights MNE,TKMNE,domestic
580,Eagle Thane Strikers,ETS,domestic
581,North Mumbai Panthers,NMP,domestic
582,SoBo SuperSonics,SBS,domestic
583,Shivaji Park Lions,SPL,domestic
584,NaMo Bandra Blasters,NBB,domestic
585,ARCS Andheri,AA,domestic
586,Sorath Lions,SOL,domestic
587,Gohilwad Gladiators,GGS,domestic
588,Halar Heroes,HHS,domestic
589,Zalawad Royals,ZR,domestic
590,Kutch Warriors,KUTW,domestic
591,Brampton Wolves,BTW,domestic
593,Kuwait U19,KUWU19,domestic
595,Chandigarh,CDG,domestic
596,Portugal,PORT,domestic
603,Japan U19,JPNU19,domestic
604,Nigeria U19,NGAU19,domestic
657,Ponting XI,PTXI,domestic
666,Gilchrist XI,GCXI,domestic
729,Sri Lanka Cricket XI,SLCXI,domestic
733,WI Holder XI,WIHOXI,domestic
738,WI Brathwaite XI,WIBRXI,domestic
743,Team Stokes,TS,domestic
748,Team Buttler,TBR,domestic
749,Team White,PAKWT,domestic
754,Team Green,PAKGR,domestic
758,Team Morgan,TMG,domestic
759,Team Moeen,TMO,domestic
763,Team Rausa,TR,domestic
768,Team Caulfield,TC,domestic
770,Team Vince,TV,domestic
779,Finch XI,FINXI,domestic
784,Cummins XI,CUMXI,domestic
832,Team Root,Root,domestic
843,Bangladesh Emerging Team,BANE,domestic
872,Team Latham,TLAT,domestic
876,Team Williamson,TWS,domestic
881,Zimbabwe Select XI,ZIMSXI,domestic
886,Professional County Club Select XI,PCCSXI,domestic
887,A1,A1,domestic
892,A2,A2,domestic
897,Turkey,TKY,domestic
903,Mpumalanga Rhinos,MPR,domestic
908,Tuskers,TUSKS,domestic
912,Limpopo,LIMPO,domestic
917,Western Province,WPR,domestic
918,Garden Route Badgers,GRB,domestic
922,North West,NWEST,domestic
923,Northern Cape,NCAPE,domestic
927,Eastern Cape,ECAPE,domestic
928,Rocks,ROCKS,domestic
933,Eastern Storm,ESTORM,domestic
956,Uganda U19,UGAU19,domestic
1018,Bahamas,BHM,domestic
1020,Cayman Islands,CAYM,domestic
1027,Norway,NOR,domestic
1041,Romania,ROM,domestic
1062,Switzerland,SUI,domestic
1067,Serbia,SRB,domestic
1069,Slovenia,SLV,domestic
1076,Croatia,CRT,domestic
1081,Greece,GRC,domestic
1111,Cyprus,CYP,domestic
1132,Cook Islands,CIS,domestic
1146,North East Zone,NEZONE,domestic
1151,Bhilwara Kings,BK,domestic
1153,Manipal Tigers,MT,domestic
1158,India Capitals,INDCAP,domestic
1165,Gujarat Giant,GUJG,domestic
1172,New Zealand Legends,NZL,domestic
1179,Cameroon,CAM,domestic
1209,Isle of Man Women,IOMW,domestic
1265,Mali,MALI,domestic
1272,St Helena,STH,domestic
1277,Seychelles,SEY,domestic
1284,Eswatini,SWT,domestic
1447,Cambodia,CBD,domestic
1545,Mauritius,MAU,domestic
1615,Q1,Q1,domestic
1622,Q2,Q2,domestic
1657,United Arab Emirates A,UAEA,domestic
1664,Oman A,OMANA,domestic
1759,Boland,BOL,domestic
1766,KwaZulu-Natal Inland,KZNIN,domestic
1768,South Western Districts,SWD,domestic
1775,Border,BOR,domestic
1782,South Africa Emerging Players,SAEP,domestic
1804,Mongolia,MGL,domestic
1815,United States of America U19,USAU19,domestic
1843,Urbanrisers Hyderabad,URH,domestic
1846,Southern Super Stars,SNSS,domestic
1965,Hong Kong A,HKA,domestic
1974,University Sport South Africa,UNISportSA,domestic
2001,Zambia,ZMB,domestic
2050,First Class Counties XI,FCCXI,domestic
2187,Colombia,CLM,domestic
2193,Uruguay,URG,domestic
2277,West Indies Select XI,WISXI,domestic
2285,Suriname,SN,domestic
2377,Falkland Islands,FALK,domestic
2387,Turks and Caicos Island,TCL,domestic
58,Chennai Super Kings,CSK,league
59,Royal Challengers Bengaluru,RCB,league
61,Delhi Capitals,DC,league
62,Mumbai Indians,MI,league
63,Kolkata Knight Riders,KKR,league
64,Rajasthan Royals,RR,league
65,Punjab Kings,PBKS,league
84,Trinidad and Tobago,TT,league
88,Sialkot Stallions,SKST,league
89,Titans,TIT,league
90,Dolphins,DOL,league
101,Cape Cobras,COB,league
103,Wayamba Elevens,WAY,league
104,New South Wales,NSW,league
105,Otago,OTG,league
122,Mangalore Dragons,MD,league
123,Belagavi Panthers,BP,league
125,Bijapur Bulls,BIJ,league
134,Raigad Royals,RGR,league
155,Warriors,WAR,league
156,Central Stags,CEN,league
157,Lions,LIONS,league
159,Guyana Amazon Warriors,GAW,league
183,Pune Warriors,PWI,league
184,Kochi Tuskers Kerala,KTK,league
192,Sydney Thunder,SYT,league
193,Brisbane Heat,BRH,league
194,Hobart Hurricanes,HBH,league
195,Melbourne Renegades,MLR,league
196,Melbourne Stars,MLS,league
197,Perth Scorchers,PRS,league
198,Sydney Sixers,SYS,league
199,Adelaide Strikers,ADS,league
201,Barisal Burners,BB,league
202,Chittagong Kings,CK,league
203,Dhaka Gladiators,DG,league
204,Duronto Rajshahi,DR,league
205,Khulna Royal Bengals,KRB,league
206,Sylhet Royals,SR,league
255,Sunrisers Hyderabad,SRH,league
256,Rangpur Riders,RGR,league
262,Barbados Royals,BR,league
263,Saint Lucia Kings,SLK,league
264,Jamaica Tallawahs,JT,league
265,Antigua Hawksbills,AH,league
270,Faisalabad Wolves,FW,league
271,Trinbago Knight Riders,TKR,league
302,St Kitts and Nevis Patriots,SNP,league
307,Mysore Warriors,MW,league
308,Bellary Tuskers,BLARY,league
309,Shivamogga Lions,SML,league
310,Hubli Tigers,HT,league
311,Rock Stars,RS,league
318,Dhaka Dynamites,DHD,league
319,Comilla Victorians,CV,league
320,Sylhet Super Stars,SSS,league
321,Chittagong Vikings,CHTG,league
322,Barisal Bulls,BRSL,league
330,Islamabad United,ISU,league
331,Quetta Gladiators,QTG,league
332,Karachi Kings,KRK,league
333,Lahore Qalandars,LHQ,league
334,Peshawar Zalmi,PSZ,league
335,Libra Legends,LL,league
336,Gemini Arabians,GA,league
337,Sagittarius Soldiers,SAGI,league
338,Virgo Super Kings,VSK,league
339,Capricorn Commanders,CC,league
340,Leo Lions,LEO,league
344,Sagittarius Strikers,SS,league
345,Gujarat Lions,GL,league
346,Rising Pune Supergiant,RPS,league
351,Hung Hom JD Jaguars,HHJ,league
366,TUTI Patriots,TP,league
367,Chepauk Super Gillies,CSG,league
368,Lyca Kovai Kings,LKK,league
369,Siechem Madurai Panthers,MADURAI,league
370,Ruby Kanchi Warriors,RKW,league
371,Dindigul Dragons,DGD,league
372,VB Thiruvallur Veerans,VTV,league
373,Karaikudi Kaalai,KK,league
378,Khulna Titans,KT,league
379,Rajshahi Kings,RJ,league
392,Panchkula Kings,PKK,league
393,Sirsa Warriors,SIRSA,league
394,Kurukshetra Tigers,KUR,league
395,Hisar Bulls,HB,league
396,Rohtak Blasters,RB,league
397,Gurugram Gladiators,GUGL,league
399,City Kaitak,Kaitak,league
400,HKI United,HKI,league
401,Galaxy Gladiators Lantau,GGL,league
410,Trichy Grand Cholas,Trichy,league
411,Sikar Bulls,SIKAR,league
412,Udaipur Eagles,UDE,league
413,Jaipur Tigers,JAIPUR,league
414,Jodhpur Lions,JL,league
415,Bhilwara Wolves,BWS,league
416,Ajmer Panthers,APS,league
417,Southern Vipers,SV,league
418,Western Storm,WS,league
419,Yorkshire Diamonds,YD,league
420,Lancashire Thunder,LT,league
421,Loughborough Lightning,LBL,league
422,Surrey Stars,SST,league
423,Bengaluru Blasters,BLB,league
426,Benoni Zalmi,BZ,league
427,Bloem City Blazers,BLCB,league
428,Cape Town Knight Riders,CTKR,league
429,Durban Wolves,DW,league
430,Joburg Giants,JG,league
431,Nelson Mandela Bay Stars,NMBS,league
432,Pretoria Mavericks,PM,league
433,Stellenbosch Kings,SK,league
434,Sylhet Sixers,SYL,league
437,Multan Sultans,MS,league
455,VB Kanchi Veerans,VKV,league
457,India Women Red,INDWR,league
458,India Women Blue,INDWB,league
459,India Women Green,INDWG,league
470,Kabul Zwanan,KZ,league
471,Paktia Panthers,PP,league
472,Kandahar Knights,KDK,league
473,Nangarhar Leopards,NL,league
474,Balkh Legends,BL,league
475,Cape Town Blitz,CTB,league
476,Durban Heat,DH,league
477,Jozi Stars,JS,league
478,Nelson Mandela Bay Giants,NMBG,league
479,Paarl Rocks,PLR,league
480,Tshwane Spartans,TSP,league
510,Bengal Tigers,BTS,league
511,Kerala Knights,KKS,league
512,Maratha Arabians,MA,league
513,Northern Warriors,NW,league
514,Pakhtoons,PAKHT,league
515,Punjabi Legends,PL,league
516,Rajputs,RJP,league
517,Sindhis,SIND,league
572,Amsterdam Knights,ADK,league
573,Rotterdam Rhinos,RDR,league
574,Edinburgh Rocks,EBR,league
575,Glasgow Giants,GGG,league
576,Dublin Chiefs,DBC,league
577,Belfast Titans,BFT,league
597,Deccan Gladiators,DEG,league
598,Delhi Bulls,DBL,league
599,Qalandars,QLD,league
600,Bangla Tigers,BGT,league
601,Team Abu Dhabi,AD,league
602,Pune Devils,PD,league
605,Oval Invincibles,OVL,league
606,Welsh Fire,WEF,league
607,Birmingham Phoenix,BRM,league
608,London Spirit,LDN,league
609,Manchester Originals,MCR,league
610,Northern Superchargers,NORS,league
611,Southern Brave,SOU,league
612,Trent Rockets,TRE,league
621,Sylhet Thunder,SLT,league
622,Chattogram Challengers,CGC,league
623,Cumilla Warriors,CW,league
624,Rangpur Rangers,RPR,league
625,Dhaka Platoon,DP,league
626,Rajshahi Royals,RSR,league
627,Khulna Tigers,KLT,league
628,Falcon Hunters,FLH,league
629,Flying Oryx,FYO,league
630,Desert Riders,DSR,league
631,Pearl Gladiators,PGR,league
632,Heat Stormers,HSR,league
633,Swift Gallopers,SGP,league
682,India Legends,INDL,league
691,West Indies Legends,WIL,league
700,Australia Legends,AUSL,league
709,Sri Lanka Legends,SLL,league
718,South Africa Legends,RSAL,league
789,Colombo Kings,CLK,league
794,Dambulla Viiking,DVK,league
799,Galle Gladiators,GGD,league
800,Jaffna Stallions,JST,league
805,Kandy Tuskers,KDT,league
807,Fortune Barishal,BRSAL,league
812,Gemcon Khulna,KHULN,league
817,Minister Group Rajshahi,RJSHI,league
822,Gazi Group Chattogram,CTGRM,league
827,Beximco Dhaka,DHAKA,league
848,Bangladesh Legends,BANL,league
853,England Legends,ENGL,league
861,IDream Tiruppur Tamizhans,ITT,league
866,Nellai Royal Kings,NRK,league
867,Salem Spartans,SLST,league
941,Chennai Brave Jaguars,CBJ,league
943,Colombo Strikers,CLS,league
946,Dambulla Sixers,DAS,league
948,Jaffna Kings,JKS,league
953,Kandy Warriors,KDW,league
966,Lucknow Super Giants,LSG,league
971,Gujarat Titans,GT,league
976,Minister Group Dhaka,MGD,league
981,Sylhet Sunrisers,SYSR,league
986,India Maharajas,IMR,league
991,Asia Lions,ALN,league
996,World Giants,WGS,league
1116,Kandy Falcons,KDF,league
1123,Gulbarga Mystics,GBM,league
1216,Morrisville Samp Army,MSA,league
1223,New York Strikers,NYS,league
1228,MI Cape Town,MICT,league
1235,Paarl Royals,PR,league
1242,Durban Super Giants,DSG,league
1249,Joburg Super Kings,JSK,league
1256,Sunrisers Eastern Cape,SEC,league
1263,Pretoria Capitals,PC,league
1291,NSW/ACT,NSW/ACT,league
1298,Dubai Capitals,DCP,league
1300,Abu Dhabi Knight Riders,ADKR,league
1307,MI Emirates,MIE,league
1312,Sharjah Warriorz,SW,league
1319,Gulf Giants,GG,league
1326,Desert Vipers,DV,league
1412,Sylhet Strikers,SYST,league
1419,Dhaka Dominators,DHDM,league
1461,Delhi Capitals Women,DCW,league
1465,Royal Challengers Bengaluru Women,RCBW,league
1468,Mumbai Indians Women,MIW,league
1472,UP Warriorz Women,UPW,league
1479,Gujarat Giants Women,GGTW,league
1570,Los Angeles Knight Riders,LAKR,league
1573,MI New York,MINY,league
1577,Texas Super Kings,TSK,league
1584,San Francisco Unicorns,SFU,league
1591,Washington Freedom,WAF,league
1594,Seattle Orcas,SOR,league
1601,Galle Marvels,GAM,league
1608,Kandy Falcons,KFS,league
1629,Bangla Tigers Mississauga,BTM,league
1633,Surrey Jaguars,SJG,league
1636,Bulawayo Brave Jaguars,BLBJ,league
1640,Joburg Bangla Tigers,JBT,league
1647,Cape Town Samp Army,CTSA,league
1650,Harare Bolts,HB,league
1682,Atlanta Riders,AR,league
1685,California Knights,CAK,league
1692,New York Warriors,NYW,league
1699,Texas Chargers,TEC,league
1706,New Jersey Legends,NJL,league
1713,Morrisville Unity,MU,league
1724,Jaipur Indians,JI,league
1731,Bhilwara Bulls,BWB,league
1733,Jaanbaaz Kota Challengers,JKC,league
1740,Udaipur Lakecity Warriors,ULW,league
1747,Shekhawati Soldiers Sikar,SWS,league
1752,Jodhpur Sunrisers,JSR,league
1811,Pakistan Legends,PAKL,league
1895,Durdanto Dhaka,DRD,league
1902,Dubai Giants,DGS,league
1904,Rajasthan Kings,RAJK,league
1911,Punjab Royals,PUNRS,league
1916,Colombo Lions,CLions,league
1920,Delhi Devils,DDS,league
1927,Kandy Samp Army,KSA,league
1934,New York Superstar Strikers,NYSS,league
1941,Afghanistan Pathans,AFGP,league
1948,Bangladesh Tigers,BT,league
1953,Indian Royals,IR,league
1955,Sri Lankan Lions,SLLS,league
1962,Pakistan Stars,PS,league
1978,Antigua and Barbuda Falcons,ABF,league
2005,India Champions,INDCH,league
2014,South Africa Champions,SACH,league
2021,West Indies Champions,WICH,league
2030,England Champions,ENGCH,league
2039,Australia Champions,AUSCH,league
2046,Pakistan Champions,PAKCH,league
2071,Australian Capital Territory Women,ACT Meteors,league
2148,Nys Lagos,NYSL,league
2156,Konark Suryas Odisha,KNSO,league
2161,Toyam Hyderabad,TYH,league
2169,Gujarat Greats,GUGS,league
2216,Ajman Bolts,AJMB,league
2223,UP Nawabs,UPN,league
2233,Durbar Rajshahi,DBR,league
2237,Dhaka Capitals,DHCP,league
2241,Jaffna Titans,JFT,league
2249,Kandy Bolts,KDB,league
2253,Nuwara Eliya Kings,NEK,league
2261,Hambantota Bangla Tigers,HBT,league
2269,Colombo Jaguars,CLJR,league
2326,India Masters,INDM,league
2335,Sri Lanka Masters,SLM,league
2344,Australia Masters,AUSM,league
2353,West Indies Masters,WIM,league
2359,England Masters,ENGM,league
2362,South Africa Masters,SAM,league
2368,Asian Stars,ANS,league
2396,Mumbai South Central Maratha Royals,MSCMR,league
2399,SoBo Mumbai Falcons,SMF,league
2408,Ratnagiri Jets,RGJ,league
2414,Eagle Nashik Titans,ENT,league
2423,Satara Warriors,SWAR,league
2432,Puneri Bappa,PB,league
2435,Kolhapur Tuskers,KT,league
2446,Gwalior Cheetahs,GC,league
2448,Chambal Ghariyals,CG,league
2457,Jabalpur Royal Lions,JRL,league
2468,Bhopal Leopards,BL,league
2470,Bundelkhand Bulls,BKB,league
2479,Rewa Jaguars,RJ,league
2490,Indore Pink Panthers,IPP,league
2547,Genid Yanam Royals,GYR,league
2554,Karaikal Kniights,KK,league
2565,Mahe Megalo Strikers,MMS,league
2569,Ossudu Accord Warriors,OAW,league
2578,Ruby White Town Legends,RWTL,league
2589,Villianur Mohit Kings,VMK,league
2590,South Delhi Superstarz,SDS,league
2601,East Delhi Riders,EDR,league
2609,North Delhi Strikers,NDS,league
2620,Central Delhi Kings,CDK,league
2631,Outer Delhi Warriors,ODW,league
2642,New Delhi Tigers,NDT,league
2645,Purani Dilli 6,PD,league
2656,West Delhi Lions,WDL,league
2657,Amaravati Royals,AR,league
2668,Bhimavaram Bulls,BB,league
2679,Kakinada Kings,KK,league
2690,Royals of Rayalaseema,ROR,league
2701,Simhadri Vizag Lions,SVL,league
2712,Tungabhadra Warriors,TW,league
2723,Vijayawada Sunshiners,VIJ,league
2733,Kochi Blue Tigers,KBT,league
2741,Calicut Globstars,CGS,league
2752,Thrissur Titans,TST,league
2763,Adani Trivandrum Royals,ATR,league
2774,Alleppey Ripples,ALPR,league
2778,Aries Kollam Sailors,AKS,league
2800,Kashi Rudras,KRD,league
2811,Gaur Gorakhapur Lions,GGL,league
2818,Kanpur Superstars,KSS,league
2822,Noida Kings,NDK,league
2833,Meerut Mavericks,MRM,league
2844,Lucknow Falcons,LFC,league
97,India Women,INDW,women
98,New Zealand Women,NZW,women
99,England Women,ENGW,women
100,Australia Women,AUSW,women
188,Netherlands Women,NEDW,women
189,Ireland Women,IREW,women
257,West Indies Women,WIW,women
258,Sri Lanka Women,SLW,women
259,Pakistan Women,PAKW,women
260,South Africa Women,RSAW,women
329,Bangladesh Women,BANW,women
355,Adelaide Strikers Women,ADSW,women
356,Brisbane Heat Women,BRHW,women
357,Hobart Hurricanes Women,HBHW,women
358,Melbourne Renegades Women,MLRW,women
359,Melbourne Stars Women,MLSW,women
360,Perth Scorchers Women,PRSW,women
361,Sydney Sixers Women,SYSW,women
362,Sydney Thunder Women,SYTW,women
382,Thailand Women,THAIW,women
383,Nepal Women,NEPW,women
388,Zimbabwe Women,ZIMW,women
389,Scotland Women,SCOW,women
390,Papua New Guinea Women,PNGW,women
417,Southern Vipers,SV,women
418,Western Storm,WS,women
419,Yorkshire Diamonds,YD,women
420,Lancashire Thunder,LT,women
421,Loughborough Lightning,LBL,women
422,Surrey Stars,SST,women
439,South Africa Emerging Players Women,SAEW,women
440,India A Women,INDWA,women
445,Malaysia Women,MLYW,women
446,Trailblazers,TRL,women
447,Supernovas,SPN,women
448,Uganda Women,UGAW,women
449,United Arab Emirates Women,UAEW,women
457,India Women Red,INDWR,women
458,India Women Blue,INDWB,women
459,India Women Green,INDWG,women
482,Samoa Women,WSMW,women
483,Tanzania Women,TANW,women
484,Indonesia Women,IDNW,women
485,Qatar Women,QATW,women
486,China Women,CHNW,women
487,Japan Women,JPNW,women
488,Botswana Women,BWAW,women
489,Argentina Women,ARGW,women
490,Sierra Leone Women,SLEW,women
491,Brazil Women,BRAW,women
492,France Women,FRAW,women
493,Mozambique Women,MOZW,women
494,Zambia Women,ZMBW,women
495,Malawi Women,MWIW,women
496,Belgium Women,BELW,women
497,Chile Women,CHLW,women
498,Peru Women,PERW,women
499,Lesotho Women,LSOW,women
500,Swaziland Women,SWZW,women
501,Kenya Women,KENW,women
502,Hong Kong Women,HKW,women
503,Namibia Women,NAMW,women
504,Germany Women,GERW,women
505,Oman Women,OMANW,women
506,Vanuatu Women,VANW,women
507,South Korea Women,SKRW,women
508,Denmark Women,DENW,women
509,Singapore Women,SINW,women
530,Velocity,VEL,women
592,United States of America Women,USAW,women
594,India Women Board President XI,INDWBPXI,women
613,Oval Invincibles Women,OVLW,women
614,Welsh Fire Women,WELW,women
615,Birmingham Phoenix Women,BRMW,women
616,London Spirit Women,LDNW,women
617,Manchester Originals Women,MCRW,women
618,Trent Rockets Women,TREW,women
619,Northern Superchargers Women,NORW,women
620,Southern Brave Women,SOUW,women
639,India C Women,INDWC,women
648,India B Women,INDIAWB,women
720,Rwanda Women,RWAW,women
775,Austria Women,AUTW,women
838,New Zealand XI Women,NZWXI,women
902,Turkey Women,TRKW,women
961,India D Women,INDWD,women
1011,Barbados Women,BAW,women
1032,Jersey Women,JERW,women
1034,Spain Women,SPW,women
1048,Sweden Women,SWEW,women
1055,Norway Women,NOYW,women
1083,Bahrain Women,BHRW,women
1090,Bhutan Women,BTNW,women
1097,Kuwait Women,KUWW,women
1104,Guernsey Women,GGYW,women
1125,Italy Women,ITAW,women
1137,Barbados Royals Women,BRW,women
1139,Trinbago Knight Riders Women,TKRW,women
1144,Guyana Amazon Warriors Women,GAWW,women
1181,Fiji Women,FIJIW,women
1188,International XI Women,INTXIW,women
1195,Trinidad & Tobago Women,TTW,women
1200,Jamaica Women,JW,women
1207,Young England Women,YEW,women
1328,Australia Women U19,AUSWU19,women
1335,Bangladesh Women U19,BANWU19,women
1342,Scotland Women U19,SCOWU19,women
1347,United Arab Emirates Women U19,UAEWU19,women
1354,South Africa Women U19,RSAWU19,women
1356,India Women U19,INDWU19,women
1361,Sri Lanka Women U19,SLWU19,women
1363,Pakistan Women U19,PAKWU19,women
1368,Rwanda Women U19,RWAWU19,women
1375,Ireland Women U19,IREWU19,women
1382,West Indies Women U19,WIWU19,women
1384,Indonesia Women U19,IDNWU19,women
1391,New Zealand Women U19,NZWU19,women
1398,England Women U19,ENGWU19,women
1403,Zimbabwe Women U19,ZIMWU19,women
1405,United States of America Women U19,USAWU19,women
1426,Canada Women,CANW,women
1431,Mexico Women,MEXW,women
1444,Maldives Women,MDVW,women
1454,Cambodia Women,CBDW,women
1461,Delhi Capitals Women,DCW,women
1465,Royal Challengers Bengaluru Women,RCBW,women
1468,Mumbai Indians Women,MIW,women
1472,UP Warriorz Women,UPW,women
1479,Gujarat Giants Women,GGTW,women
1482,Nigeria Women,NGAW,women
1489,Ghana Women,GHW,women
1493,Cameroon Women,CAMW,women
1500,Malta Women,MALW,women
1507,Gibraltar Women,GIBW,women
1514,Philippines Women,PHIW,women
1517,Myanmar Women,MMRW,women
1521,Estonia Women,ESTW,women
1528,Belize Women,BEZW,women
1531,Costa Rica Women,CRW,women
1535,Eswatini Women,SWTW,women
1542,Thailand A Women,THAIAW,women
1549,Bangladesh A Women,BANWA,women
1552,Pakistan A Women,PAKWA,women
1556,Sri Lanka A Women,SLWA,women
1563,Mali Women,MALIW,women
1668,Greece Women,GRCW,women
1675,Romania Women,ROMW,women
1754,Cook Islands Women,CISW,women
1789,Serbia Women,SRBW,women
1794,Luxembourg Women,LUXW,women
1796,Mongolia Women,MGLW,women
1985,Zimbabwe A Women,ZIMAW,women
1987,Czech Republic Women,CZEW,women
1992,Cyprus Women,CYPW,women
1994,Croatia Women,CRTW,women
2062,Finland Women,FINW,women
2071,Australian Capital Territory Women,ACT Meteors,women
2138,Malaysia Women U19,MLYWU19,women
2146,Samoa Women U19,WSMWU19,women
2179,Cayman Islands Women,CAYMW,women
2201,Bulgaria Women,BGRW,women
2286,Nigeria Women U19,NGAWU19,women
2380,Portugal Women,PORTW,women
2390,Switzerland Women,SUIW,women
2785,ACT Women,ACTW,women
2796,Australia A Women,AUSWA,women
2,India,IND,international
3,Pakistan,PAK,international
4,Australia,AUS,international
5,Sri Lanka,SL,international
6,Bangladesh,BAN,international
7,United Arab Emirates,UAE,international
8,Hong Kong,HK,international
9,England,ENG,international
10,West Indies,WI,international
11,South Africa,RSA,international
12,Zimbabwe,ZIM,international
13,New Zealand,NZ,international
14,Kenya,KEN,international
15,United States of America,USA,international
23,Scotland,SCO,international
24,Netherlands,NED,international
25,Bermuda,BER,international
26,Canada,CAN,international
27,Ireland,IRE,international
44,Uganda,UGA,international
71,Malaysia,MLY,international
72,Nepal,NEP,international
77,Germany,GER,international
96,Afghanistan,AFG,international
161,Namibia,NAM,international
185,Denmark,DEN,international
190,Singapore,SIN,international
287,Papua New Guinea,PNG,international
298,Kuwait,KUW,international
300,Vanuatu,VAN,international
303,Jersey,JER,international
304,Oman,OMAN,international
343,Fiji,FIJI,international
527,Italy,ITA,international
529,Botswana,BW,international
541,Belgium,BEL,international
675,Iran,IRN,international
